budget,condition,stratum,bpt,fallback_pct,fallback_tokens,total_tokens,span_mean,span_p50,span_p95,span_max
8192,SuperBPE_Baseline,indic,1.6637,67.98,762,1121,4.05,3.0,9.0,27
8192,SuperBPE_Baseline,arabic_script,2.6744,4.65,8,172,2.0,2.0,2.0,2
8192,SuperBPE_Baseline,latin_english,2.1429,0.68,1,147,1.0,1.0,1.0,1
8192,SuperBPE_Baseline,cyrillic,2.6103,10.29,14,136,2.0,2.0,2.0,2
8192,SuperBPE_Baseline,african_latin,1.7812,1.04,1,96,1.0,1.0,1.0,1
8192,SuperBPE_Baseline,code,1.8557,8.96,18,201,1.0,1.0,1.0,1
8192,SuperBPE_ByteMerges,indic,2.3025,37.41,303,810,4.59,3.0,15.0,18
8192,SuperBPE_ByteMerges,arabic_script,2.6744,4.65,8,172,2.0,2.0,2.0,2
8192,SuperBPE_ByteMerges,latin_english,2.1429,0.68,1,147,1.0,1.0,1.0,1
8192,SuperBPE_ByteMerges,cyrillic,2.6296,10.37,14,135,2.0,2.0,2.0,2
8192,SuperBPE_ByteMerges,african_latin,1.7812,1.04,1,96,1.0,1.0,1.0,1
8192,SuperBPE_ByteMerges,code,1.8744,9.05,18,199,1.0,1.0,1.0,1
8192,SuperBPE_FallbackAware,indic,2.3025,37.41,303,810,4.59,3.0,15.0,18
8192,SuperBPE_FallbackAware,arabic_script,2.6744,4.65,8,172,2.0,2.0,2.0,2
8192,SuperBPE_FallbackAware,latin_english,2.1429,0.68,1,147,1.0,1.0,1.0,1
8192,SuperBPE_FallbackAware,cyrillic,2.6296,10.37,14,135,2.0,2.0,2.0,2
8192,SuperBPE_FallbackAware,african_latin,1.7812,1.04,1,96,1.0,1.0,1.0,1
8192,SuperBPE_FallbackAware,code,1.8744,9.05,18,199,1.0,1.0,1.0,1
16384,SuperBPE_Baseline,indic,1.6637,67.98,762,1121,4.05,3.0,9.0,27
16384,SuperBPE_Baseline,arabic_script,2.6744,4.65,8,172,2.0,2.0,2.0,2
16384,SuperBPE_Baseline,latin_english,2.1429,0.68,1,147,1.0,1.0,1.0,1
16384,SuperBPE_Baseline,cyrillic,2.6103,10.29,14,136,2.0,2.0,2.0,2
16384,SuperBPE_Baseline,african_latin,1.7812,1.04,1,96,1.0,1.0,1.0,1
16384,SuperBPE_Baseline,code,1.8557,8.96,18,201,1.0,1.0,1.0,1
16384,SuperBPE_ByteMerges,indic,2.3025,37.41,303,810,4.59,3.0,15.0,18
16384,SuperBPE_ByteMerges,arabic_script,2.6744,4.65,8,172,2.0,2.0,2.0,2
16384,SuperBPE_ByteMerges,latin_english,2.1429,0.68,1,147,1.0,1.0,1.0,1
16384,SuperBPE_ByteMerges,cyrillic,2.6296,10.37,14,135,2.0,2.0,2.0,2
16384,SuperBPE_ByteMerges,african_latin,1.7812,1.04,1,96,1.0,1.0,1.0,1
16384,SuperBPE_ByteMerges,code,1.8744,9.05,18,199,1.0,1.0,1.0,1
16384,SuperBPE_FallbackAware,indic,2.3025,37.41,303,810,4.59,3.0,15.0,18
16384,SuperBPE_FallbackAware,arabic_script,2.6744,4.65,8,172,2.0,2.0,2.0,2
16384,SuperBPE_FallbackAware,latin_english,2.1429,0.68,1,147,1.0,1.0,1.0,1
16384,SuperBPE_FallbackAware,cyrillic,2.6296,10.37,14,135,2.0,2.0,2.0,2
16384,SuperBPE_FallbackAware,african_latin,1.7812,1.04,1,96,1.0,1.0,1.0,1
16384,SuperBPE_FallbackAware,code,1.8744,9.05,18,199,1.0,1.0,1.0,1
32768,SuperBPE_Baseline,indic,1.6637,67.98,762,1121,4.05,3.0,9.0,27
32768,SuperBPE_Baseline,arabic_script,2.6744,4.65,8,172,2.0,2.0,2.0,2
32768,SuperBPE_Baseline,latin_english,2.1429,0.68,1,147,1.0,1.0,1.0,1
32768,SuperBPE_Baseline,cyrillic,2.6103,10.29,14,136,2.0,2.0,2.0,2
32768,SuperBPE_Baseline,african_latin,1.7812,1.04,1,96,1.0,1.0,1.0,1
32768,SuperBPE_Baseline,code,1.8557,8.96,18,201,1.0,1.0,1.0,1
32768,SuperBPE_ByteMerges,indic,2.3025,37.41,303,810,4.59,3.0,15.0,18
32768,SuperBPE_ByteMerges,arabic_script,2.6744,4.65,8,172,2.0,2.0,2.0,2
32768,SuperBPE_ByteMerges,latin_english,2.1429,0.68,1,147,1.0,1.0,1.0,1
32768,SuperBPE_ByteMerges,cyrillic,2.6296,10.37,14,135,2.0,2.0,2.0,2
32768,SuperBPE_ByteMerges,african_latin,1.7812,1.04,1,96,1.0,1.0,1.0,1
32768,SuperBPE_ByteMerges,code,1.8744,9.05,18,199,1.0,1.0,1.0,1
32768,SuperBPE_FallbackAware,indic,2.3025,37.41,303,810,4.59,3.0,15.0,18
32768,SuperBPE_FallbackAware,arabic_script,2.6744,4.65,8,172,2.0,2.0,2.0,2
32768,SuperBPE_FallbackAware,latin_english,2.1429,0.68,1,147,1.0,1.0,1.0,1
32768,SuperBPE_FallbackAware,cyrillic,2.6296,10.37,14,135,2.0,2.0,2.0,2
32768,SuperBPE_FallbackAware,african_latin,1.7812,1.04,1,96,1.0,1.0,1.0,1
32768,SuperBPE_FallbackAware,code,1.8744,9.05,18,199,1.0,1.0,1.0,1
