budget,condition,stratum,len_1,len_2,len_3,len_4,len_5_6,len_7_plus
8192,SuperBPE_Baseline,indic,0,0,154,0,20,14
8192,SuperBPE_Baseline,arabic_script,0,4,0,0,0,0
8192,SuperBPE_Baseline,latin_english,1,0,0,0,0,0
8192,SuperBPE_Baseline,cyrillic,0,7,0,0,0,0
8192,SuperBPE_Baseline,african_latin,1,0,0,0,0,0
8192,SuperBPE_Baseline,code,18,0,0,0,0,0
8192,SuperBPE_ByteMerges,indic,0,0,50,0,9,7
8192,SuperBPE_ByteMerges,arabic_script,0,4,0,0,0,0
8192,SuperBPE_ByteMerges,latin_english,1,0,0,0,0,0
8192,SuperBPE_ByteMerges,cyrillic,0,7,0,0,0,0
8192,SuperBPE_ByteMerges,african_latin,1,0,0,0,0,0
8192,SuperBPE_ByteMerges,code,18,0,0,0,0,0
8192,SuperBPE_FallbackAware,indic,0,0,50,0,9,7
8192,SuperBPE_FallbackAware,arabic_script,0,4,0,0,0,0
8192,SuperBPE_FallbackAware,latin_english,1,0,0,0,0,0
8192,SuperBPE_FallbackAware,cyrillic,0,7,0,0,0,0
8192,SuperBPE_FallbackAware,african_latin,1,0,0,0,0,0
8192,SuperBPE_FallbackAware,code,18,0,0,0,0,0
16384,SuperBPE_Baseline,indic,0,0,154,0,20,14
16384,SuperBPE_Baseline,arabic_script,0,4,0,0,0,0
16384,SuperBPE_Baseline,latin_english,1,0,0,0,0,0
16384,SuperBPE_Baseline,cyrillic,0,7,0,0,0,0
16384,SuperBPE_Baseline,african_latin,1,0,0,0,0,0
16384,SuperBPE_Baseline,code,18,0,0,0,0,0
16384,SuperBPE_ByteMerges,indic,0,0,50,0,9,7
16384,SuperBPE_ByteMerges,arabic_script,0,4,0,0,0,0
16384,SuperBPE_ByteMerges,latin_english,1,0,0,0,0,0
16384,SuperBPE_ByteMerges,cyrillic,0,7,0,0,0,0
16384,SuperBPE_ByteMerges,african_latin,1,0,0,0,0,0
16384,SuperBPE_ByteMerges,code,18,0,0,0,0,0
16384,SuperBPE_FallbackAware,indic,0,0,50,0,9,7
16384,SuperBPE_FallbackAware,arabic_script,0,4,0,0,0,0
16384,SuperBPE_FallbackAware,latin_english,1,0,0,0,0,0
16384,SuperBPE_FallbackAware,cyrillic,0,7,0,0,0,0
16384,SuperBPE_FallbackAware,african_latin,1,0,0,0,0,0
16384,SuperBPE_FallbackAware,code,18,0,0,0,0,0
32768,SuperBPE_Baseline,indic,0,0,154,0,20,14
32768,SuperBPE_Baseline,arabic_script,0,4,0,0,0,0
32768,SuperBPE_Baseline,latin_english,1,0,0,0,0,0
32768,SuperBPE_Baseline,cyrillic,0,7,0,0,0,0
32768,SuperBPE_Baseline,african_latin,1,0,0,0,0,0
32768,SuperBPE_Baseline,code,18,0,0,0,0,0
32768,SuperBPE_ByteMerges,indic,0,0,50,0,9,7
32768,SuperBPE_ByteMerges,arabic_script,0,4,0,0,0,0
32768,SuperBPE_ByteMerges,latin_english,1,0,0,0,0,0
32768,SuperBPE_ByteMerges,cyrillic,0,7,0,0,0,0
32768,SuperBPE_ByteMerges,african_latin,1,0,0,0,0,0
32768,SuperBPE_ByteMerges,code,18,0,0,0,0,0
32768,SuperBPE_FallbackAware,indic,0,0,50,0,9,7
32768,SuperBPE_FallbackAware,arabic_script,0,4,0,0,0,0
32768,SuperBPE_FallbackAware,latin_english,1,0,0,0,0,0
32768,SuperBPE_FallbackAware,cyrillic,0,7,0,0,0,0
32768,SuperBPE_FallbackAware,african_latin,1,0,0,0,0,0
32768,SuperBPE_FallbackAware,code,18,0,0,0,0,0
