condition,stratum,language,allocated_merges,dominant_ratio_mean
Global_SuperBPE,web:am,am,4,1.0
Global_SuperBPE,web:ar,ar,9,1.0
Global_SuperBPE,web:en,en,21,1.0
Global_SuperBPE,web:es,es,15,0.965
Global_SuperBPE,web:hi,hi,1,1.0
Balanced_SuperBPE,web:am,am,4,1.0
Balanced_SuperBPE,web:ar,ar,10,1.0
Balanced_SuperBPE,web:es,es,34,0.9845
Balanced_SuperBPE,web:hi,hi,1,1.0
Balanced_SuperBPE,web:sw,sw,1,1.0
CoverageAware_SuperBPE,web:am,am,4,1.0
CoverageAware_SuperBPE,web:ar,ar,10,1.0
CoverageAware_SuperBPE,web:es,es,33,0.9841
CoverageAware_SuperBPE,web:hi,hi,1,1.0
CoverageAware_SuperBPE,web:sw,sw,2,0.8333
