domain,tokenizer,documents,total_tokens,total_characters,total_bytes,bytes_per_token,tokens_per_char,cross_word_tokens,cross_word_rate_percent,ws_split_run_percent,punct_split_run_percent
English,Boundary-BPE,6,1130,1490,1490,1.319,0.758,0,0.0,0.00,0.00
Hindi,Boundary-BPE,6,1216,1644,4510,3.709,0.74,0,0.0,0.00,0.00
Telugu,Boundary-BPE,6,1339,1951,5369,4.01,0.686,0,0.0,0.00,0.00
Arabic,Boundary-BPE,6,1346,1996,3753,2.788,0.674,0,0.0,0.00,0.00
Chinese,Boundary-BPE,6,582,590,1670,2.869,0.986,0,0.0,0.00,0.00
Russian,Boundary-BPE,6,1452,2120,3986,2.745,0.685,0,0.0,0.00,0.00
Finnish,Boundary-BPE,6,1226,1635,1770,1.444,0.75,0,0.0,0.00,0.00
Code,Boundary-BPE,30,541,786,786,1.453,0.688,0,0.0,27.03,9.17
English,SentencePiece-Unigram,6,1010,1490,1490,1.475,0.678,0,0.0,0.00,0.00
Hindi,SentencePiece-Unigram,6,1185,1644,4510,3.806,0.721,0,0.0,0.00,0.00
Telugu,SentencePiece-Unigram,6,1297,1951,5369,4.14,0.665,0,0.0,0.00,0.00
Arabic,SentencePiece-Unigram,6,1267,1996,3753,2.962,0.635,0,0.0,0.00,0.00
Chinese,SentencePiece-Unigram,6,593,590,1670,2.816,1.005,0,0.0,0.00,0.00
Russian,SentencePiece-Unigram,6,1424,2120,3986,2.799,0.672,0,0.0,0.00,0.00
Finnish,SentencePiece-Unigram,6,1118,1635,1770,1.583,0.684,0,0.0,0.00,0.00
Code,SentencePiece-Unigram,30,344,786,786,2.285,0.438,9,2.62,18.92,4.59
English,UT-SuperBPE,6,1011,1490,1490,1.474,0.679,0,0.0,0.00,0.00
Hindi,UT-SuperBPE,6,1180,1644,4510,3.822,0.718,0,0.0,0.00,0.00
Telugu,UT-SuperBPE,6,1303,1951,5369,4.12,0.668,0,0.0,0.00,0.00
Arabic,UT-SuperBPE,6,1207,1996,3753,3.109,0.605,2,0.17,0.00,0.00
Chinese,UT-SuperBPE,6,590,590,1670,2.831,1.0,0,0.0,0.00,0.00
Russian,UT-SuperBPE,6,1291,2120,3986,3.088,0.609,1,0.08,0.00,0.00
Finnish,UT-SuperBPE,6,1152,1635,1770,1.536,0.705,0,0.0,0.00,0.00
Code,UT-SuperBPE,30,506,786,786,1.553,0.644,14,2.77,0.00,13.76
