category,case_name,tokenizer,token_count,char_count,byte_count,bytes_per_token,tokens_per_char,cross_word_tokens,cross_word_rate_percent,ws_runs,ws_split_runs,ws_tokens_per_run,punct_runs,punct_split_runs,punct_tokens_per_run
whitespace_runs,single_space,Boundary-BPE,9,11,11,1.222,0.818,0,0.0,1,0,1.00,0,0,0.00
whitespace_runs,double_space,Boundary-BPE,10,12,12,1.2,0.833,0,0.0,1,1,2.00,0,0,0.00
whitespace_runs,four_space_indent,Boundary-BPE,10,10,10,1.0,1.0,0,0.0,3,1,2.00,0,0,0.00
whitespace_runs,eight_space_indent,Boundary-BPE,21,26,26,1.238,0.808,0,0.0,2,1,4.50,1,0,1.00
whitespace_runs,tab_indentation,Boundary-BPE,16,24,24,1.5,0.667,0,0.0,2,1,1.50,2,1,1.50
whitespace_runs,mixed_whitespace_run,Boundary-BPE,21,25,25,1.19,0.84,0,0.0,3,1,3.67,1,0,1.00
whitespace_runs,padded_surrounding_whitespace,Boundary-BPE,16,20,20,1.25,0.8,0,0.0,3,2,2.33,0,0,0.00
punctuation_sequences,ellipsis_repeats,Boundary-BPE,27,37,37,1.37,0.73,0,0.0,3,0,1.00,3,2,3.33
punctuation_sequences,markdown_dividers,Boundary-BPE,17,23,23,1.353,0.739,0,0.0,3,0,1.00,2,2,3.00
punctuation_sequences,nested_brackets,Boundary-BPE,23,25,25,1.087,0.92,0,0.0,5,0,1.00,4,2,2.25
punctuation_sequences,multi_punctuation_emotive,Boundary-BPE,28,32,32,1.143,0.875,0,0.0,3,0,1.00,2,2,4.50
punctuation_sequences,operator_arrows,Boundary-BPE,22,28,28,1.273,0.786,0,0.0,4,0,1.00,2,0,1.00
mixed_alphanumeric,semver_version,Boundary-BPE,23,25,25,1.087,0.92,0,0.0,0,0,0.00,5,0,1.00
mixed_alphanumeric,hex_memory_address,Boundary-BPE,48,61,61,1.271,0.787,0,0.0,6,0,1.00,0,0,0.00
mixed_alphanumeric,system_identifiers,Boundary-BPE,42,52,52,1.238,0.808,0,0.0,5,0,1.00,3,0,1.00
mixed_alphanumeric,camel_case_identifiers,Boundary-BPE,31,39,39,1.258,0.795,0,0.0,2,0,1.00,0,0,0.00
mixed_alphanumeric,snake_case_identifiers,Boundary-BPE,25,39,39,1.56,0.641,0,0.0,0,0,0.00,4,0,1.00
mixed_alphanumeric,kebab_case_headers,Boundary-BPE,28,43,43,1.536,0.651,0,0.0,2,0,1.00,6,0,1.00
code_symbols,compound_assignment_operators,Boundary-BPE,39,39,39,1.0,1.0,0,0.0,14,0,1.00,9,0,1.00
code_symbols,strict_equality_and_logical,Boundary-BPE,36,36,36,1.0,1.0,0,0.0,11,0,1.00,5,3,1.60
code_symbols,bitwise_shift_operators,Boundary-BPE,38,41,41,1.079,0.927,0,0.0,10,0,1.00,5,0,1.00
code_symbols,cxx_scope_and_pointers,Boundary-BPE,39,49,49,1.256,0.796,0,0.0,3,0,1.00,5,3,1.60
code_symbols,rust_generics_and_returns,Boundary-BPE,45,54,54,1.2,0.833,0,0.0,7,0,1.00,8,0,1.00
code_symbols,comment_delimiters,Boundary-BPE,37,51,51,1.378,0.725,0,0.0,9,0,1.00,4,3,1.75
cross_word_merges,common_prepositional_phrases,Boundary-BPE,45,54,54,1.2,0.833,0,0.0,11,0,1.00,0,0,0.00
cross_word_merges,frequent_determiner_bigrams,Boundary-BPE,33,42,42,1.273,0.786,0,0.0,8,0,1.00,0,0,0.00
cross_word_merges,sentence_integration,Boundary-BPE,62,76,76,1.226,0.816,0,0.0,14,0,1.00,2,0,1.00
script_boundaries,latin_finnish_compounds,Boundary-BPE,45,61,61,1.356,0.738,0,0.0,0,0,0.00,0,0,0.00
script_boundaries,latin_spanish_inverted_punct,Boundary-BPE,42,46,50,1.19,0.913,0,0.0,6,0,1.00,5,2,1.40
script_boundaries,cjk_mandarin_unsegmented,Boundary-BPE,75,33,97,1.293,2.273,0,0.0,0,0,0.00,2,1,2.00
script_boundaries,cjk_japanese_mixed_scripts,Boundary-BPE,75,27,81,1.08,2.778,0,0.0,0,0,0.00,1,1,3.00
script_boundaries,indic_hindi_virama_conjuncts,Boundary-BPE,54,70,188,3.481,0.771,0,0.0,11,0,1.00,1,1,3.00
script_boundaries,indic_telugu_combining_vowels,Boundary-BPE,38,69,191,5.026,0.551,0,0.0,7,0,1.00,1,0,1.00
script_boundaries,arabic_cursive_and_tatweel,Boundary-BPE,47,58,110,2.34,0.81,0,0.0,5,0,1.00,1,0,1.00
script_boundaries,code_python_signature,Boundary-BPE,53,78,78,1.472,0.679,0,0.0,6,0,1.00,10,0,1.00
script_boundaries,code_javascript_destructuring,Boundary-BPE,57,72,72,1.263,0.792,0,0.0,11,0,1.00,8,2,1.25
whitespace_runs,single_space,SentencePiece-Unigram,9,11,11,1.222,0.818,0,0.0,1,0,1.00,0,0,0.00
whitespace_runs,double_space,SentencePiece-Unigram,10,12,12,1.2,0.833,0,0.0,1,1,2.00,0,0,0.00
whitespace_runs,four_space_indent,SentencePiece-Unigram,8,10,10,1.25,0.8,0,0.0,3,1,2.00,0,0,0.00
whitespace_runs,eight_space_indent,SentencePiece-Unigram,20,26,26,1.3,0.769,0,0.0,2,1,4.50,1,0,1.00
whitespace_runs,tab_indentation,SentencePiece-Unigram,15,24,24,1.6,0.625,0,0.0,2,1,1.50,2,1,1.50
whitespace_runs,mixed_whitespace_run,SentencePiece-Unigram,18,25,25,1.389,0.72,0,0.0,3,1,3.67,1,0,1.00
whitespace_runs,padded_surrounding_whitespace,SentencePiece-Unigram,18,20,20,1.111,0.9,0,0.0,3,2,2.33,0,0,0.00
punctuation_sequences,ellipsis_repeats,SentencePiece-Unigram,29,37,37,1.276,0.784,0,0.0,3,0,1.00,3,2,3.33
punctuation_sequences,markdown_dividers,SentencePiece-Unigram,18,23,23,1.278,0.783,0,0.0,3,0,1.00,2,2,3.00
punctuation_sequences,nested_brackets,SentencePiece-Unigram,23,25,25,1.087,0.92,0,0.0,5,0,1.00,4,2,2.25
punctuation_sequences,multi_punctuation_emotive,SentencePiece-Unigram,28,32,32,1.143,0.875,0,0.0,3,0,1.00,2,2,4.50
punctuation_sequences,operator_arrows,SentencePiece-Unigram,19,28,28,1.474,0.679,0,0.0,4,0,1.00,2,0,1.00
mixed_alphanumeric,semver_version,SentencePiece-Unigram,23,25,25,1.087,0.92,0,0.0,0,0,0.00,5,0,1.00
mixed_alphanumeric,hex_memory_address,SentencePiece-Unigram,49,61,61,1.245,0.803,0,0.0,6,0,1.00,0,0,0.00
mixed_alphanumeric,system_identifiers,SentencePiece-Unigram,43,52,52,1.209,0.827,0,0.0,5,0,1.00,3,0,1.00
mixed_alphanumeric,camel_case_identifiers,SentencePiece-Unigram,31,39,39,1.258,0.795,0,0.0,2,0,1.00,0,0,0.00
mixed_alphanumeric,snake_case_identifiers,SentencePiece-Unigram,30,39,39,1.3,0.769,0,0.0,0,0,0.00,4,0,1.00
mixed_alphanumeric,kebab_case_headers,SentencePiece-Unigram,27,43,43,1.593,0.628,0,0.0,2,0,1.00,6,0,1.00
code_symbols,compound_assignment_operators,SentencePiece-Unigram,36,39,39,1.083,0.923,0,0.0,14,0,1.00,9,0,1.00
code_symbols,strict_equality_and_logical,SentencePiece-Unigram,32,36,36,1.125,0.889,0,0.0,11,0,1.00,5,3,1.60
code_symbols,bitwise_shift_operators,SentencePiece-Unigram,37,41,41,1.108,0.902,0,0.0,10,0,1.00,5,0,1.00
code_symbols,cxx_scope_and_pointers,SentencePiece-Unigram,36,49,49,1.361,0.735,0,0.0,3,0,1.00,5,3,1.60
code_symbols,rust_generics_and_returns,SentencePiece-Unigram,46,54,54,1.174,0.852,0,0.0,7,0,1.00,8,0,1.00
code_symbols,comment_delimiters,SentencePiece-Unigram,35,51,51,1.457,0.686,0,0.0,9,0,1.00,4,3,1.75
cross_word_merges,common_prepositional_phrases,SentencePiece-Unigram,42,54,54,1.286,0.778,0,0.0,11,0,1.00,0,0,0.00
cross_word_merges,frequent_determiner_bigrams,SentencePiece-Unigram,31,42,42,1.355,0.738,0,0.0,8,0,1.00,0,0,0.00
cross_word_merges,sentence_integration,SentencePiece-Unigram,62,76,76,1.226,0.816,0,0.0,14,0,1.00,2,0,1.00
script_boundaries,latin_finnish_compounds,SentencePiece-Unigram,45,61,61,1.356,0.738,0,0.0,0,0,0.00,0,0,0.00
script_boundaries,latin_spanish_inverted_punct,SentencePiece-Unigram,41,46,50,1.22,0.891,0,0.0,6,0,1.00,5,2,1.40
script_boundaries,cjk_mandarin_unsegmented,SentencePiece-Unigram,75,33,97,1.293,2.273,0,0.0,0,0,0.00,2,1,2.00
script_boundaries,cjk_japanese_mixed_scripts,SentencePiece-Unigram,75,27,81,1.08,2.778,0,0.0,0,0,0.00,1,1,3.00
script_boundaries,indic_hindi_virama_conjuncts,SentencePiece-Unigram,70,70,188,2.686,1.0,0,0.0,11,0,1.00,1,1,3.00
script_boundaries,indic_telugu_combining_vowels,SentencePiece-Unigram,51,69,191,3.745,0.739,0,0.0,7,0,1.00,1,0,1.00
script_boundaries,arabic_cursive_and_tatweel,SentencePiece-Unigram,50,58,110,2.2,0.862,0,0.0,5,0,1.00,1,0,1.00
script_boundaries,code_python_signature,SentencePiece-Unigram,50,78,78,1.56,0.641,0,0.0,6,0,1.00,10,0,1.00
script_boundaries,code_javascript_destructuring,SentencePiece-Unigram,54,72,72,1.333,0.75,0,0.0,11,0,1.00,8,2,1.38
whitespace_runs,single_space,UT-SuperBPE,9,11,11,1.222,0.818,0,0.0,1,0,1.00,0,0,0.00
whitespace_runs,double_space,UT-SuperBPE,11,12,12,1.091,0.917,0,0.0,1,1,2.00,0,0,0.00
whitespace_runs,four_space_indent,UT-SuperBPE,7,10,10,1.429,0.7,0,0.0,3,0,1.00,0,0,0.00
whitespace_runs,eight_space_indent,UT-SuperBPE,17,26,26,1.529,0.654,0,0.0,2,0,1.00,1,0,1.00
whitespace_runs,tab_indentation,UT-SuperBPE,21,24,24,1.143,0.875,0,0.0,2,1,1.50,2,1,2.00
whitespace_runs,mixed_whitespace_run,UT-SuperBPE,18,25,25,1.389,0.72,0,0.0,3,1,2.33,1,0,1.00
whitespace_runs,padded_surrounding_whitespace,UT-SuperBPE,17,20,20,1.176,0.85,0,0.0,3,2,2.33,0,0,0.00
punctuation_sequences,ellipsis_repeats,UT-SuperBPE,30,37,37,1.233,0.811,0,0.0,3,0,1.00,3,2,3.33
punctuation_sequences,markdown_dividers,UT-SuperBPE,17,23,23,1.353,0.739,0,0.0,3,0,1.00,2,2,3.00
punctuation_sequences,nested_brackets,UT-SuperBPE,23,25,25,1.087,0.92,0,0.0,5,0,1.00,4,2,2.25
punctuation_sequences,multi_punctuation_emotive,UT-SuperBPE,29,32,32,1.103,0.906,0,0.0,3,0,1.00,2,2,4.50
punctuation_sequences,operator_arrows,UT-SuperBPE,25,28,28,1.12,0.893,0,0.0,4,0,1.00,2,0,1.00
mixed_alphanumeric,semver_version,UT-SuperBPE,25,25,25,1.0,1.0,0,0.0,0,0,0.00,5,0,1.00
mixed_alphanumeric,hex_memory_address,UT-SuperBPE,55,61,61,1.109,0.902,0,0.0,6,0,1.00,0,0,0.00
mixed_alphanumeric,system_identifiers,UT-SuperBPE,45,52,52,1.156,0.865,0,0.0,5,0,1.00,3,0,1.00
mixed_alphanumeric,camel_case_identifiers,UT-SuperBPE,31,39,39,1.258,0.795,0,0.0,2,0,1.00,0,0,0.00
mixed_alphanumeric,snake_case_identifiers,UT-SuperBPE,32,39,39,1.219,0.821,0,0.0,0,0,0.00,4,0,1.00
mixed_alphanumeric,kebab_case_headers,UT-SuperBPE,30,43,43,1.433,0.698,0,0.0,2,0,1.00,6,0,1.00
code_symbols,compound_assignment_operators,UT-SuperBPE,35,39,39,1.114,0.897,0,0.0,14,0,1.00,9,0,1.00
code_symbols,strict_equality_and_logical,UT-SuperBPE,32,36,36,1.125,0.889,0,0.0,11,0,1.00,5,3,1.60
code_symbols,bitwise_shift_operators,UT-SuperBPE,39,41,41,1.051,0.951,0,0.0,10,0,1.00,5,0,1.00
code_symbols,cxx_scope_and_pointers,UT-SuperBPE,43,49,49,1.14,0.878,0,0.0,3,0,1.00,5,3,1.80
code_symbols,rust_generics_and_returns,UT-SuperBPE,44,54,54,1.227,0.815,0,0.0,7,0,1.00,8,0,1.00
code_symbols,comment_delimiters,UT-SuperBPE,35,51,51,1.457,0.686,0,0.0,9,0,1.00,4,3,1.75
cross_word_merges,common_prepositional_phrases,UT-SuperBPE,37,54,54,1.459,0.685,0,0.0,11,0,1.00,0,0,0.00
cross_word_merges,frequent_determiner_bigrams,UT-SuperBPE,25,42,42,1.68,0.595,0,0.0,8,0,1.00,0,0,0.00
cross_word_merges,sentence_integration,UT-SuperBPE,57,76,76,1.333,0.75,0,0.0,14,0,1.00,2,0,1.00
script_boundaries,latin_finnish_compounds,UT-SuperBPE,52,61,61,1.173,0.852,0,0.0,0,0,0.00,0,0,0.00
script_boundaries,latin_spanish_inverted_punct,UT-SuperBPE,42,46,50,1.19,0.913,0,0.0,6,0,1.00,5,2,1.40
script_boundaries,cjk_mandarin_unsegmented,UT-SuperBPE,75,33,97,1.293,2.273,0,0.0,0,0,0.00,2,1,2.00
script_boundaries,cjk_japanese_mixed_scripts,UT-SuperBPE,75,27,81,1.08,2.778,0,0.0,0,0,0.00,1,1,3.00
script_boundaries,indic_hindi_virama_conjuncts,UT-SuperBPE,70,70,188,2.686,1.0,0,0.0,11,0,1.00,1,1,3.00
script_boundaries,indic_telugu_combining_vowels,UT-SuperBPE,61,69,191,3.131,0.884,0,0.0,7,0,1.00,1,0,1.00
script_boundaries,arabic_cursive_and_tatweel,UT-SuperBPE,54,58,110,2.037,0.931,0,0.0,5,0,1.00,1,0,1.00
script_boundaries,code_python_signature,UT-SuperBPE,59,78,78,1.322,0.756,1,1.69,6,0,1.00,10,0,1.00
script_boundaries,code_javascript_destructuring,UT-SuperBPE,55,72,72,1.309,0.764,0,0.0,11,0,1.00,8,2,1.38
